task,family,profile,model,model_family,model_params_sha256,tuning_study_digest,model_git_sha,runner_git_sha,container_digest,hardware,sample_period,sequence_length,epochs,max_samples_per_window,protocol_overrides_sha256,comparison_protocol_sha256,ranking_protocol_sha256,rank,appliance,target_data_access,scope,status,seeds,run_count,mae_mean,mae_std,f1_mean,f1_std,elapsed_seconds_mean,elapsed_seconds_std,trainable_parameters_mean,trainable_parameters_std,peak_accelerator_memory_bytes_mean,peak_accelerator_memory_bytes_std
corrected-t1-redd,T1,corrected,NILMFormer,transformer,9d8de5f72b1010780ee736900644210cd60be6f1e27f64680ed20eaa30c158b6,,825740b39bcd44b3f4bfaf146f4c0d944843b131,83fb39e57d50ac433314e880176fef187997d5b3,sha256:dd977962c2e0d72e2d923f8f5c3e92e538f67a00495e545c2f22571001872e91,NVIDIA A100-SXM4-80GB,60,299,3,3960,7f654b6d261e1d9a6e733400a6ee383eacf61da0a0f5e45ce5aa7bc88f385056,68326c07a5ae30495f929d97858f5b49e5cfdeaddf78334066d74b90417f5d9e,bc8002ef4b917cda509fc789093422ad2abfb3d472bd00c7df3f846d750a14b4,1,fridge,not_applicable,smoke,smoke-verified,10;20;42,3,48.08586044774824,0.6277903001830687,0.6281731157580089,0.006296768732152522,57.085627023984365,0.9263972298357254,383283.0,0.0,4020728832.0,0.0
corrected-t1-redd,T1,corrected,Seq2Point,convolutional,9d8de5f72b1010780ee736900644210cd60be6f1e27f64680ed20eaa30c158b6,,825740b39bcd44b3f4bfaf146f4c0d944843b131,83fb39e57d50ac433314e880176fef187997d5b3,sha256:dd977962c2e0d72e2d923f8f5c3e92e538f67a00495e545c2f22571001872e91,NVIDIA A100-SXM4-80GB,60,299,3,3960,7f654b6d261e1d9a6e733400a6ee383eacf61da0a0f5e45ce5aa7bc88f385056,68326c07a5ae30495f929d97858f5b49e5cfdeaddf78334066d74b90417f5d9e,bc8002ef4b917cda509fc789093422ad2abfb3d472bd00c7df3f846d750a14b4,2,fridge,not_applicable,smoke,smoke-verified,10;20;42,3,49.13913551508602,1.368821477825844,0.738922168844469,0.02550131120698661,11.937222305607671,0.9718365327389646,13863449.0,0.0,724345856.0,0.0
corrected-t1-redd,T1,corrected,DAE,autoencoder,07f5562c93a226b28c0f287f72c181f6a7d322c0939fb2d5ca379e6449fc5445,,825740b39bcd44b3f4bfaf146f4c0d944843b131,83fb39e57d50ac433314e880176fef187997d5b3,sha256:dd977962c2e0d72e2d923f8f5c3e92e538f67a00495e545c2f22571001872e91,NVIDIA A100-SXM4-80GB,60,99,3,3960,fe0a640391067d0d8eef3655b630a41151a1bdf4cbff179ce47626525764d28a,81fbe9a0cd8d218ec6bbef16b85d38833c4263704915fb7564a3a69ae878ad0d,bc8002ef4b917cda509fc789093422ad2abfb3d472bd00c7df3f846d750a14b4,3,fridge,not_applicable,smoke,smoke-verified,10;20;42,3,49.81314141919794,1.2750812946872356,0.7096876676310145,0.011508582889399363,11.623419809659632,1.069115608188479,831801.0,0.0,83911168.0,0.0
corrected-t1-redd,T1,corrected,WindowGRU,recurrent,9d8de5f72b1010780ee736900644210cd60be6f1e27f64680ed20eaa30c158b6,,825740b39bcd44b3f4bfaf146f4c0d944843b131,83fb39e57d50ac433314e880176fef187997d5b3,sha256:dd977962c2e0d72e2d923f8f5c3e92e538f67a00495e545c2f22571001872e91,NVIDIA A100-SXM4-80GB,60,299,3,3960,7f654b6d261e1d9a6e733400a6ee383eacf61da0a0f5e45ce5aa7bc88f385056,68326c07a5ae30495f929d97858f5b49e5cfdeaddf78334066d74b90417f5d9e,bc8002ef4b917cda509fc789093422ad2abfb3d472bd00c7df3f846d750a14b4,4,fridge,not_applicable,smoke,smoke-verified,10;20;42,3,50.47948637432652,1.3556019544833675,0.6971819197814662,0.007023031532984379,11.894063677988015,0.13453522512836433,427345.0,0.0,2746802688.0,0.0
corrected-t1-redd,T1,corrected,ResidualMoE,residual-mixture-of-experts,9d8de5f72b1010780ee736900644210cd60be6f1e27f64680ed20eaa30c158b6,,0769d00893a178277d06e83ccd2e92c03a5ba9ef,e33b94d44d07b098f774e8569298c9853dd71422,sha256:3eb89c6d2bcdc8942426e359ed8b1b6ed74108060d86a293101a186844347c86,NVIDIA A100-SXM4-80GB,60,299,3,3960,7f654b6d261e1d9a6e733400a6ee383eacf61da0a0f5e45ce5aa7bc88f385056,0efbf855ab3635bb3c99d7f00a56373e545f4dbc4a9a02d7187efabd59b01926,bc8002ef4b917cda509fc789093422ad2abfb3d472bd00c7df3f846d750a14b4,5,fridge,not_applicable,smoke,smoke-verified,10;20;42,3,50.65856413283484,0.9499756607598353,0.7551462483594227,0.019404125365929104,18.251178821354795,0.9400314854504332,440870.0,0.0,6736800768.0,0.0
corrected-t1-redd,T1,corrected,Seq2Seq,recurrent,9d8de5f72b1010780ee736900644210cd60be6f1e27f64680ed20eaa30c158b6,,825740b39bcd44b3f4bfaf146f4c0d944843b131,83fb39e57d50ac433314e880176fef187997d5b3,sha256:dd977962c2e0d72e2d923f8f5c3e92e538f67a00495e545c2f22571001872e91,NVIDIA A100-SXM4-80GB,60,299,3,3960,7f654b6d261e1d9a6e733400a6ee383eacf61da0a0f5e45ce5aa7bc88f385056,68326c07a5ae30495f929d97858f5b49e5cfdeaddf78334066d74b90417f5d9e,bc8002ef4b917cda509fc789093422ad2abfb3d472bd00c7df3f846d750a14b4,6,fridge,not_applicable,smoke,smoke-verified,10;20;42,3,53.186684329148044,0.8083813761910171,0.7212017869840711,0.030549052359127225,11.24612321498959,0.6311736800212133,3212099.0,0.0,1329563648.0,0.0
corrected-t1-redd,T1,corrected,TimesNet,periodic-2d,9d8de5f72b1010780ee736900644210cd60be6f1e27f64680ed20eaa30c158b6,,c130293e24e16817b9859d1b78ae18bd988b1219,106af6b8d663d19e867d2026cf90f3053600140b,sha256:4b233308c342556efd0be0d88f24586d2808cc9b7f86cde1d52cafccacb4c425,NVIDIA A100-SXM4-80GB,60,299,3,3960,7f654b6d261e1d9a6e733400a6ee383eacf61da0a0f5e45ce5aa7bc88f385056,b941c80e3fe153d02994653c5d8b16227488099ddc7339015200c4b98fdcfbb3,bc8002ef4b917cda509fc789093422ad2abfb3d472bd00c7df3f846d750a14b4,7,fridge,not_applicable,smoke,smoke-verified,10;20;42,3,53.54326050196499,3.484528174212275,0.7276561282620838,0.04093130701280522,15.600740528704288,0.17223456231731793,287617.0,0.0,6734305280.0,0.0
corrected-t1-redd,T1,corrected,PatchTST,transformer,9d8de5f72b1010780ee736900644210cd60be6f1e27f64680ed20eaa30c158b6,,825740b39bcd44b3f4bfaf146f4c0d944843b131,83fb39e57d50ac433314e880176fef187997d5b3,sha256:dd977962c2e0d72e2d923f8f5c3e92e538f67a00495e545c2f22571001872e91,NVIDIA A100-SXM4-80GB,60,299,3,3960,7f654b6d261e1d9a6e733400a6ee383eacf61da0a0f5e45ce5aa7bc88f385056,68326c07a5ae30495f929d97858f5b49e5cfdeaddf78334066d74b90417f5d9e,bc8002ef4b917cda509fc789093422ad2abfb3d472bd00c7df3f846d750a14b4,8,fridge,not_applicable,smoke,smoke-verified,10;20;42,3,56.397111539882644,2.9141793059289416,0.6521443272068602,0.02538089740106514,12.306998797032671,0.6492131196627466,110977.0,0.0,126057984.0,0.0
corrected-t1-redd,T1,corrected,SGN,subtask-gated,9d8de5f72b1010780ee736900644210cd60be6f1e27f64680ed20eaa30c158b6,,c130293e24e16817b9859d1b78ae18bd988b1219,106af6b8d663d19e867d2026cf90f3053600140b,sha256:4b233308c342556efd0be0d88f24586d2808cc9b7f86cde1d52cafccacb4c425,NVIDIA A100-SXM4-80GB,60,299,3,3960,7f654b6d261e1d9a6e733400a6ee383eacf61da0a0f5e45ce5aa7bc88f385056,b941c80e3fe153d02994653c5d8b16227488099ddc7339015200c4b98fdcfbb3,bc8002ef4b917cda509fc789093422ad2abfb3d472bd00c7df3f846d750a14b4,9,fridge,not_applicable,smoke,smoke-verified,10;20;42,3,56.58166051692177,5.610110681403522,0.635764573359617,0.014743254767152193,11.696431400681226,0.22639117883799584,27342398.0,0.0,614495232.0,0.0
corrected-t1-redd,T1,corrected,ModernTCN,convolutional,9d8de5f72b1010780ee736900644210cd60be6f1e27f64680ed20eaa30c158b6,,8d745493ed9f84dd00fb502ffe85943eaeedc4c8,adaf03e42f5b8dd6b9ab95942ee191999f2d3b25,sha256:d7253754a6a9133235076fa1c1555104aa8be8128443da96bc16ae3d46809aa8,NVIDIA A100-SXM4-80GB,60,299,3,3960,7f654b6d261e1d9a6e733400a6ee383eacf61da0a0f5e45ce5aa7bc88f385056,e8e370ea20df5ac070b562c1aa9ff41906df66b13863f2b9a0bbb4236065070b,bc8002ef4b917cda509fc789093422ad2abfb3d472bd00c7df3f846d750a14b4,10,fridge,not_applicable,smoke,smoke-verified,10;20;42,3,56.62328958799068,1.7673380562844272,0.6586170778974529,0.007156421175410614,11.552591511009572,1.3315803091669323,41921.0,0.0,95785984.0,0.0
corrected-t1-redd,T1,corrected,NILMMoE,mixture-of-experts,9d8de5f72b1010780ee736900644210cd60be6f1e27f64680ed20eaa30c158b6,,9d28870d0df378c34092d95ea8a11479e0fe7db3,6d567b10060f0ac37989e4d2108b3c96081fc9d5,sha256:f3a61875a1e7d10787034307fcba86719988e26df2515d4c3ca0cc64153b6f56,NVIDIA A100-SXM4-80GB,60,299,3,3960,7f654b6d261e1d9a6e733400a6ee383eacf61da0a0f5e45ce5aa7bc88f385056,f8736675874fd7879c888574d26c57b67fbbbd2d3c5ecbf38ed095cd52572167,bc8002ef4b917cda509fc789093422ad2abfb3d472bd00c7df3f846d750a14b4,11,fridge,not_applicable,smoke,smoke-verified,10;20;42,3,56.89825084244552,4.65988486913259,0.7067897191691933,0.03948399997469793,16.404960388628144,0.2614316407944188,330493.0,0.0,6755633152.0,0.0
corrected-t1-redd,T1,corrected,MSDC,specialized,9d8de5f72b1010780ee736900644210cd60be6f1e27f64680ed20eaa30c158b6,,825740b39bcd44b3f4bfaf146f4c0d944843b131,83fb39e57d50ac433314e880176fef187997d5b3,sha256:dd977962c2e0d72e2d923f8f5c3e92e538f67a00495e545c2f22571001872e91,NVIDIA A100-SXM4-80GB,60,299,3,3960,7f654b6d261e1d9a6e733400a6ee383eacf61da0a0f5e45ce5aa7bc88f385056,68326c07a5ae30495f929d97858f5b49e5cfdeaddf78334066d74b90417f5d9e,bc8002ef4b917cda509fc789093422ad2abfb3d472bd00c7df3f846d750a14b4,12,fridge,not_applicable,smoke,smoke-verified,10;20;42,3,58.332571615678035,0.4296383540946913,0.683834543954592,0.01482408304722735,799.208691649721,5.527490501703958,23765.0,0.0,1017177600.0,0.0
corrected-t1-redd,T1,corrected,TCN,convolutional,9d8de5f72b1010780ee736900644210cd60be6f1e27f64680ed20eaa30c158b6,,825740b39bcd44b3f4bfaf146f4c0d944843b131,83fb39e57d50ac433314e880176fef187997d5b3,sha256:dd977962c2e0d72e2d923f8f5c3e92e538f67a00495e545c2f22571001872e91,NVIDIA A100-SXM4-80GB,60,299,3,3960,7f654b6d261e1d9a6e733400a6ee383eacf61da0a0f5e45ce5aa7bc88f385056,68326c07a5ae30495f929d97858f5b49e5cfdeaddf78334066d74b90417f5d9e,bc8002ef4b917cda509fc789093422ad2abfb3d472bd00c7df3f846d750a14b4,13,fridge,not_applicable,smoke,smoke-verified,10;20;42,3,58.75746796582965,7.580525322209272,0.6871346224489452,0.04896129719452161,136.11247624934185,3.1405959998419757,74151.0,0.0,242932224.0,0.0
corrected-t1-redd,T1,corrected,ResNet,convolutional,9d8de5f72b1010780ee736900644210cd60be6f1e27f64680ed20eaa30c158b6,,825740b39bcd44b3f4bfaf146f4c0d944843b131,83fb39e57d50ac433314e880176fef187997d5b3,sha256:dd977962c2e0d72e2d923f8f5c3e92e538f67a00495e545c2f22571001872e91,NVIDIA A100-SXM4-80GB,60,299,3,3960,7f654b6d261e1d9a6e733400a6ee383eacf61da0a0f5e45ce5aa7bc88f385056,68326c07a5ae30495f929d97858f5b49e5cfdeaddf78334066d74b90417f5d9e,bc8002ef4b917cda509fc789093422ad2abfb3d472bd00c7df3f846d750a14b4,14,fridge,not_applicable,smoke,smoke-verified,10;20;42,3,59.01963263951128,1.5625911625144107,0.6410368172977224,0.009335530581015182,12.622285443629758,0.29376273772591066,2410409.0,0.0,1166041600.0,0.0
corrected-t1-redd,T1,corrected,ResNetClassification,convolutional-classification,9d8de5f72b1010780ee736900644210cd60be6f1e27f64680ed20eaa30c158b6,,825740b39bcd44b3f4bfaf146f4c0d944843b131,83fb39e57d50ac433314e880176fef187997d5b3,sha256:dd977962c2e0d72e2d923f8f5c3e92e538f67a00495e545c2f22571001872e91,NVIDIA A100-SXM4-80GB,60,299,3,3960,7f654b6d261e1d9a6e733400a6ee383eacf61da0a0f5e45ce5aa7bc88f385056,68326c07a5ae30495f929d97858f5b49e5cfdeaddf78334066d74b90417f5d9e,bc8002ef4b917cda509fc789093422ad2abfb3d472bd00c7df3f846d750a14b4,15,fridge,not_applicable,smoke,smoke-verified,10;20;42,3,63.85270731683115,0.3908975588789727,0.0,0.0,13.406618166326856,0.5643611879407473,16387058.0,0.0,1309979136.0,0.0
corrected-t1-redd,T1,corrected,RNNAttentionClassification,recurrent-attention-classification,9d8de5f72b1010780ee736900644210cd60be6f1e27f64680ed20eaa30c158b6,,825740b39bcd44b3f4bfaf146f4c0d944843b131,83fb39e57d50ac433314e880176fef187997d5b3,sha256:dd977962c2e0d72e2d923f8f5c3e92e538f67a00495e545c2f22571001872e91,NVIDIA A100-SXM4-80GB,60,299,3,3960,7f654b6d261e1d9a6e733400a6ee383eacf61da0a0f5e45ce5aa7bc88f385056,68326c07a5ae30495f929d97858f5b49e5cfdeaddf78334066d74b90417f5d9e,bc8002ef4b917cda509fc789093422ad2abfb3d472bd00c7df3f846d750a14b4,16,fridge,not_applicable,smoke,smoke-verified,10;20;42,3,64.55737705059016,0.2343551193182739,0.0,0.0,15.105366171648106,1.9433484735227533,15414725.0,0.0,12151424000.0,0.0
corrected-t1-redd,T1,corrected,FeatureMLP,statistical-feature-mlp,9d8de5f72b1010780ee736900644210cd60be6f1e27f64680ed20eaa30c158b6,,d267f8668fc6c84556b15d80426a1f7f2f41e1b4,a66c703b932f7e053df3701cef3ea8aaa29251fa,sha256:d46a82dca451693e1aa67ace2393694782f320a03edd1ecb124d548c8bce17c6,NVIDIA A100-SXM4-80GB,60,299,3,3960,7f654b6d261e1d9a6e733400a6ee383eacf61da0a0f5e45ce5aa7bc88f385056,b0916c7e74307d1dfc7f454e886bb107f0a62aae2f5cf217cc0cb5552559544f,bc8002ef4b917cda509fc789093422ad2abfb3d472bd00c7df3f846d750a14b4,17,fridge,not_applicable,smoke,smoke-verified,10;20;42,3,69.32089710265421,1.4887306780647382,0.5582383198356184,0.03686535761249104,12.3975331086743,0.9400006584544081,779.0,0.0,68373504.0,0.0
corrected-t1-redd,T1,corrected,BERT,transformer,07f5562c93a226b28c0f287f72c181f6a7d322c0939fb2d5ca379e6449fc5445,,825740b39bcd44b3f4bfaf146f4c0d944843b131,83fb39e57d50ac433314e880176fef187997d5b3,sha256:dd977962c2e0d72e2d923f8f5c3e92e538f67a00495e545c2f22571001872e91,NVIDIA A100-SXM4-80GB,60,99,3,3960,fe0a640391067d0d8eef3655b630a41151a1bdf4cbff179ce47626525764d28a,81fbe9a0cd8d218ec6bbef16b85d38833c4263704915fb7564a3a69ae878ad0d,bc8002ef4b917cda509fc789093422ad2abfb3d472bd00c7df3f846d750a14b4,18,fridge,not_applicable,smoke,smoke-verified,10;20;42,3,73.74553795377541,5.186088468873656,0.4710543211931381,0.020022196781206772,11.714292020963816,0.5074728817985983,803443.0,0.0,95618048.0,0.0
corrected-t1-redd,T1,corrected,DLinear,decomposition-linear,9d8de5f72b1010780ee736900644210cd60be6f1e27f64680ed20eaa30c158b6,,8d745493ed9f84dd00fb502ffe85943eaeedc4c8,adaf03e42f5b8dd6b9ab95942ee191999f2d3b25,sha256:d7253754a6a9133235076fa1c1555104aa8be8128443da96bc16ae3d46809aa8,NVIDIA A100-SXM4-80GB,60,299,3,3960,7f654b6d261e1d9a6e733400a6ee383eacf61da0a0f5e45ce5aa7bc88f385056,e8e370ea20df5ac070b562c1aa9ff41906df66b13863f2b9a0bbb4236065070b,bc8002ef4b917cda509fc789093422ad2abfb3d472bd00c7df3f846d750a14b4,19,fridge,not_applicable,smoke,smoke-verified,10;20;42,3,75.91719656253193,2.734092807324406,0.5695383931401428,0.020556263629681836,10.532574492972344,0.5725726608996072,600.0,0.0,67753472.0,0.0
corrected-t1-redd,T1,corrected,RNNAttention,recurrent-attention,9d8de5f72b1010780ee736900644210cd60be6f1e27f64680ed20eaa30c158b6,,825740b39bcd44b3f4bfaf146f4c0d944843b131,83fb39e57d50ac433314e880176fef187997d5b3,sha256:dd977962c2e0d72e2d923f8f5c3e92e538f67a00495e545c2f22571001872e91,NVIDIA A100-SXM4-80GB,60,299,3,3960,7f654b6d261e1d9a6e733400a6ee383eacf61da0a0f5e45ce5aa7bc88f385056,68326c07a5ae30495f929d97858f5b49e5cfdeaddf78334066d74b90417f5d9e,bc8002ef4b917cda509fc789093422ad2abfb3d472bd00c7df3f846d750a14b4,20,fridge,not_applicable,smoke,smoke-verified,10;20;42,3,77.12848631459774,0.3383526698775547,0.4767690771960958,0.004735476087685544,13.1685075579832,1.1892074262814203,1333842.0,0.0,1612759552.0,0.0
corrected-t1-redd,T1,corrected,Mean,statistical-baseline,44136fa355b3678a1146ad16f7e8649e94fb4fc21fe77e8310c060f61caaff8a,,825740b39bcd44b3f4bfaf146f4c0d944843b131,83fb39e57d50ac433314e880176fef187997d5b3,sha256:dd977962c2e0d72e2d923f8f5c3e92e538f67a00495e545c2f22571001872e91,NVIDIA A100-SXM4-80GB,60,,,3960,294356c6c7b66030569075b0afb4f8937761162c74d3e189a0091ed038522ccd,f87939131f6dbb6f094f9b285d5935b5d47100608b7e3b74f99ed979aec4096a,bc8002ef4b917cda509fc789093422ad2abfb3d472bd00c7df3f846d750a14b4,21,fridge,not_applicable,smoke,smoke-verified,10;20;42,3,77.20755818231319,0.0,0.4795031055900621,0.0,9.313194934356337,1.0768063685684828,,,,
corrected-t1-redd,T1,corrected,Reformer,transformer,9d8de5f72b1010780ee736900644210cd60be6f1e27f64680ed20eaa30c158b6,,825740b39bcd44b3f4bfaf146f4c0d944843b131,83fb39e57d50ac433314e880176fef187997d5b3,sha256:dd977962c2e0d72e2d923f8f5c3e92e538f67a00495e545c2f22571001872e91,NVIDIA A100-SXM4-80GB,60,299,3,3960,7f654b6d261e1d9a6e733400a6ee383eacf61da0a0f5e45ce5aa7bc88f385056,68326c07a5ae30495f929d97858f5b49e5cfdeaddf78334066d74b90417f5d9e,bc8002ef4b917cda509fc789093422ad2abfb3d472bd00c7df3f846d750a14b4,22,fridge,not_applicable,smoke,smoke-verified,10;20;42,3,77.4525865206986,0.0867117316614322,0.4795031055900621,0.0,43.49176566399789,0.9955491209174842,19540993.0,0.0,26229808640.0,0.0
corrected-t1-redd,T1,corrected,RNN,recurrent,9d8de5f72b1010780ee736900644210cd60be6f1e27f64680ed20eaa30c158b6,,825740b39bcd44b3f4bfaf146f4c0d944843b131,83fb39e57d50ac433314e880176fef187997d5b3,sha256:dd977962c2e0d72e2d923f8f5c3e92e538f67a00495e545c2f22571001872e91,NVIDIA A100-SXM4-80GB,60,299,3,3960,7f654b6d261e1d9a6e733400a6ee383eacf61da0a0f5e45ce5aa7bc88f385056,68326c07a5ae30495f929d97858f5b49e5cfdeaddf78334066d74b90417f5d9e,bc8002ef4b917cda509fc789093422ad2abfb3d472bd00c7df3f846d750a14b4,23,fridge,not_applicable,smoke,smoke-verified,10;20;42,3,77.5298202811438,0.5726973054994386,0.4295428301445255,0.04402182372874708,12.486517743673176,0.39894672731627295,1268049.0,0.0,3418447360.0,0.0
corrected-t1-redd,T1,corrected,TSMixer,mlp-mixer,9d8de5f72b1010780ee736900644210cd60be6f1e27f64680ed20eaa30c158b6,,5767286078f5853a2ef1d6f431eb95a1c47ba4e8,0210d88a6238ec9c9350a891a616d5faa144a59f,sha256:d93b4b352eeee632f509f71391fab6e1311a04b4d6ab99750ba0cab1628671bc,NVIDIA A100-SXM4-80GB,60,299,3,3960,7f654b6d261e1d9a6e733400a6ee383eacf61da0a0f5e45ce5aa7bc88f385056,1472b37d3af8011a684f9ab3b6edd176310f12f3db38952ec350cc5b17a9975b,bc8002ef4b917cda509fc789093422ad2abfb3d472bd00c7df3f846d750a14b4,24,fridge,not_applicable,smoke,smoke-verified,10;20;42,3,79.75007026972493,3.76691743826262,0.5041025739903823,0.022243892441898578,12.37486943800468,1.285604497564198,182478.0,0.0,125168640.0,0.0
corrected-t1-redd,T1,corrected,HSMM,explicit-duration,fd5659f27351ecde1510dd952bec6a67e48634e801a67e526a0181626291891f,,1148e1c65f43878dfa1b8e08dc6411f5991d7dbd,601196b718b5c62b687bf318d44af1be4b5ec35e,sha256:c0f7c5c3e87871c31711bc52cebedead9284b418cb945b092e3136315fea8e89,NVIDIA A100-SXM4-80GB,60,,,3960,294356c6c7b66030569075b0afb4f8937761162c74d3e189a0091ed038522ccd,b4c2249755af669b42ce21dc9e13303ca9161f3877925dc39e2cc98993405e0c,bc8002ef4b917cda509fc789093422ad2abfb3d472bd00c7df3f846d750a14b4,25,fridge,not_applicable,smoke,smoke-verified,10;20;42,3,79.81554373037191,0.0,0.3577981651376147,0.0,11.23067882769586,1.255032064323747,,,256512.0,0.0
corrected-t1-redd,T1,corrected,ConvLSTM,hybrid,9d8de5f72b1010780ee736900644210cd60be6f1e27f64680ed20eaa30c158b6,,825740b39bcd44b3f4bfaf146f4c0d944843b131,83fb39e57d50ac433314e880176fef187997d5b3,sha256:dd977962c2e0d72e2d923f8f5c3e92e538f67a00495e545c2f22571001872e91,NVIDIA A100-SXM4-80GB,60,299,3,3960,7f654b6d261e1d9a6e733400a6ee383eacf61da0a0f5e45ce5aa7bc88f385056,68326c07a5ae30495f929d97858f5b49e5cfdeaddf78334066d74b90417f5d9e,bc8002ef4b917cda509fc789093422ad2abfb3d472bd00c7df3f846d750a14b4,26,fridge,not_applicable,smoke,smoke-verified,10;20;42,3,82.82946027127097,2.914521861838068,0.2311816993335453,0.13497509930474993,13.459638093675798,1.6351937858137178,482913.0,0.0,13109322240.0,0.0
corrected-t1-redd,T1,corrected,ResidualMoE,residual-mixture-of-experts,059f22dd4e84c594a08c2d0a1dabec1c2b9990fe3b46becc01196bfbe0967c2a,,b619d1f14373202aa4d20649e334bf2fe5d5fa81,65b1c5203f347d1ccff2240409c3ff0417e9c374,sha256:5f6d9f1625b1f46098976dc3dbdfcb6070ea316c8997ea20471d39ade5672ec3,NVIDIA A100-SXM4-80GB,900,49,3,264,22e8ad9925e0589361f4d497f66ba29ea28166d8574c963d9a45780b187ade06,4a5f37a7eecb739dc2d2dc7654bed96029b16187f9b48cd18525dfdb9485020a,3f43db15c77f424fc23d519e14f719a23cf3a6dc2e99a72abac21ebea3d5b280,1,fridge,not_applicable,smoke,smoke-verified,10;20;42,3,51.172867667855634,2.7590935816455664,0.7145889851203862,0.03658142497179899,12.923163959678883,1.2369579019766024,432934.0,0.0,130185728.0,219928.88334186576
corrected-t1-redd,T1,corrected,TimesNet,periodic-2d,059f22dd4e84c594a08c2d0a1dabec1c2b9990fe3b46becc01196bfbe0967c2a,,b619d1f14373202aa4d20649e334bf2fe5d5fa81,65b1c5203f347d1ccff2240409c3ff0417e9c374,sha256:5f6d9f1625b1f46098976dc3dbdfcb6070ea316c8997ea20471d39ade5672ec3,NVIDIA A100-SXM4-80GB,900,49,3,264,22e8ad9925e0589361f4d497f66ba29ea28166d8574c963d9a45780b187ade06,4a5f37a7eecb739dc2d2dc7654bed96029b16187f9b48cd18525dfdb9485020a,3f43db15c77f424fc23d519e14f719a23cf3a6dc2e99a72abac21ebea3d5b280,2,fridge,not_applicable,smoke,smoke-verified,10;20;42,3,52.496309837909656,2.013720412665773,0.6674221062710272,0.008484428004050994,11.687571420373084,0.19080944481296835,287617.0,0.0,127781888.0,219928.88334186576
corrected-t1-redd,T1,corrected,NILMMoE,mixture-of-experts,059f22dd4e84c594a08c2d0a1dabec1c2b9990fe3b46becc01196bfbe0967c2a,,b619d1f14373202aa4d20649e334bf2fe5d5fa81,65b1c5203f347d1ccff2240409c3ff0417e9c374,sha256:5f6d9f1625b1f46098976dc3dbdfcb6070ea316c8997ea20471d39ade5672ec3,NVIDIA A100-SXM4-80GB,900,49,3,264,22e8ad9925e0589361f4d497f66ba29ea28166d8574c963d9a45780b187ade06,4a5f37a7eecb739dc2d2dc7654bed96029b16187f9b48cd18525dfdb9485020a,3f43db15c77f424fc23d519e14f719a23cf3a6dc2e99a72abac21ebea3d5b280,3,fridge,not_applicable,smoke,smoke-verified,10;20;42,3,59.20188452971704,8.765047799145085,0.5858753245068985,0.12773728180205957,12.078678562267063,0.37295914847200357,329993.0,0.0,130883584.0,219928.88334186576
corrected-t1-redd,T1,corrected,ResNetClassification,convolutional-classification,059f22dd4e84c594a08c2d0a1dabec1c2b9990fe3b46becc01196bfbe0967c2a,,b619d1f14373202aa4d20649e334bf2fe5d5fa81,65b1c5203f347d1ccff2240409c3ff0417e9c374,sha256:5f6d9f1625b1f46098976dc3dbdfcb6070ea316c8997ea20471d39ade5672ec3,NVIDIA A100-SXM4-80GB,900,49,3,264,22e8ad9925e0589361f4d497f66ba29ea28166d8574c963d9a45780b187ade06,4a5f37a7eecb739dc2d2dc7654bed96029b16187f9b48cd18525dfdb9485020a,3f43db15c77f424fc23d519e14f719a23cf3a6dc2e99a72abac21ebea3d5b280,4,fridge,not_applicable,smoke,smoke-verified,10;20;42,3,61.03289515168378,0.5280306030610595,0.009950248756218905,0.01723433639372017,10.867264296665477,0.09017019486503094,1139198.0,0.0,88598016.0,0.0
corrected-t1-redd,T1,corrected,RNNAttentionClassification,recurrent-attention-classification,059f22dd4e84c594a08c2d0a1dabec1c2b9990fe3b46becc01196bfbe0967c2a,,b619d1f14373202aa4d20649e334bf2fe5d5fa81,65b1c5203f347d1ccff2240409c3ff0417e9c374,sha256:5f6d9f1625b1f46098976dc3dbdfcb6070ea316c8997ea20471d39ade5672ec3,NVIDIA A100-SXM4-80GB,900,49,3,264,22e8ad9925e0589361f4d497f66ba29ea28166d8574c963d9a45780b187ade06,4a5f37a7eecb739dc2d2dc7654bed96029b16187f9b48cd18525dfdb9485020a,3f43db15c77f424fc23d519e14f719a23cf3a6dc2e99a72abac21ebea3d5b280,5,fridge,not_applicable,smoke,smoke-verified,10;20;42,3,61.18350185378633,0.18467666704077876,0.0,0.0,11.643952769692987,0.8508744294056163,2326225.0,0.0,361089024.0,0.0
corrected-t1-redd,T1,corrected,NILMFormer,transformer,99b3a5ad90511b3a936238e2a16aa13693f7d33e329a2d70b4ff384b90e433cb,,b619d1f14373202aa4d20649e334bf2fe5d5fa81,65b1c5203f347d1ccff2240409c3ff0417e9c374,sha256:5f6d9f1625b1f46098976dc3dbdfcb6070ea316c8997ea20471d39ade5672ec3,NVIDIA A100-SXM4-80GB,900,19,3,264,52918fa319fabace57b31cac3197af32a2ab6c861a421c72b98813d893498b82,3a55757094032c6e6993cfc82360697e87f6828338ad24770593cfea72d93c7f,3f43db15c77f424fc23d519e14f719a23cf3a6dc2e99a72abac21ebea3d5b280,6,fridge,not_applicable,smoke,smoke-verified,10;20;42,3,61.95032196430245,4.375904341689981,0.5574067753172232,0.013732034965538065,14.266846684001697,1.216721910301764,383283.0,0.0,150708224.0,0.0
corrected-t1-redd,T1,corrected,SGN,subtask-gated,059f22dd4e84c594a08c2d0a1dabec1c2b9990fe3b46becc01196bfbe0967c2a,,b619d1f14373202aa4d20649e334bf2fe5d5fa81,65b1c5203f347d1ccff2240409c3ff0417e9c374,sha256:5f6d9f1625b1f46098976dc3dbdfcb6070ea316c8997ea20471d39ade5672ec3,NVIDIA A100-SXM4-80GB,900,49,3,264,22e8ad9925e0589361f4d497f66ba29ea28166d8574c963d9a45780b187ade06,4a5f37a7eecb739dc2d2dc7654bed96029b16187f9b48cd18525dfdb9485020a,3f43db15c77f424fc23d519e14f719a23cf3a6dc2e99a72abac21ebea3d5b280,7,fridge,not_applicable,smoke,smoke-verified,10;20;42,3,62.172831857678325,2.941454948449899,0.41029049303645243,0.06142928799658131,10.663384965698546,0.37715560557291095,1742398.0,0.0,102795776.0,0.0
corrected-t1-redd,T1,corrected,PatchTST,transformer,059f22dd4e84c594a08c2d0a1dabec1c2b9990fe3b46becc01196bfbe0967c2a,,b619d1f14373202aa4d20649e334bf2fe5d5fa81,65b1c5203f347d1ccff2240409c3ff0417e9c374,sha256:5f6d9f1625b1f46098976dc3dbdfcb6070ea316c8997ea20471d39ade5672ec3,NVIDIA A100-SXM4-80GB,900,49,3,264,22e8ad9925e0589361f4d497f66ba29ea28166d8574c963d9a45780b187ade06,4a5f37a7eecb739dc2d2dc7654bed96029b16187f9b48cd18525dfdb9485020a,3f43db15c77f424fc23d519e14f719a23cf3a6dc2e99a72abac21ebea3d5b280,8,fridge,not_applicable,smoke,smoke-verified,10;20;42,3,62.21215075320668,4.647100336091754,0.5589342065261659,0.0471131597560551,10.842557072639465,0.5762019656523469,103041.0,0.0,84803072.0,0.0
corrected-t1-redd,T1,corrected,Seq2Seq,recurrent,07f5562c93a226b28c0f287f72c181f6a7d322c0939fb2d5ca379e6449fc5445,,b619d1f14373202aa4d20649e334bf2fe5d5fa81,65b1c5203f347d1ccff2240409c3ff0417e9c374,sha256:5f6d9f1625b1f46098976dc3dbdfcb6070ea316c8997ea20471d39ade5672ec3,NVIDIA A100-SXM4-80GB,900,99,3,264,9d1159428ae43d5fa937f5e9d6583cfb52fdf4695bfcf85ae0983fdb5511f39c,ac1248df47eedf27d9903746735dddbba73b79a8f82962345856d64b602e715d,3f43db15c77f424fc23d519e14f719a23cf3a6dc2e99a72abac21ebea3d5b280,9,fridge,not_applicable,smoke,smoke-verified,10;20;42,3,64.28210968634095,0.2503544656497598,0.25763928594117275,0.08130986158023012,10.800130698635863,0.925839061701689,447099.0,0.0,79921152.0,0.0
corrected-t1-redd,T1,corrected,MSDC,specialized,99b3a5ad90511b3a936238e2a16aa13693f7d33e329a2d70b4ff384b90e433cb,,b619d1f14373202aa4d20649e334bf2fe5d5fa81,65b1c5203f347d1ccff2240409c3ff0417e9c374,sha256:5f6d9f1625b1f46098976dc3dbdfcb6070ea316c8997ea20471d39ade5672ec3,NVIDIA A100-SXM4-80GB,900,19,3,264,52918fa319fabace57b31cac3197af32a2ab6c861a421c72b98813d893498b82,3a55757094032c6e6993cfc82360697e87f6828338ad24770593cfea72d93c7f,3f43db15c77f424fc23d519e14f719a23cf3a6dc2e99a72abac21ebea3d5b280,10,fridge,not_applicable,smoke,smoke-verified,10;20;42,3,64.32810146447383,0.7899675943966844,0.6045810729355033,0.05742181700800983,17.712102669368807,3.8136280607356956,23765.0,0.0,83536896.0,0.0
corrected-t1-redd,T1,corrected,BERT,transformer,07f5562c93a226b28c0f287f72c181f6a7d322c0939fb2d5ca379e6449fc5445,,b619d1f14373202aa4d20649e334bf2fe5d5fa81,65b1c5203f347d1ccff2240409c3ff0417e9c374,sha256:5f6d9f1625b1f46098976dc3dbdfcb6070ea316c8997ea20471d39ade5672ec3,NVIDIA A100-SXM4-80GB,900,99,3,264,9d1159428ae43d5fa937f5e9d6583cfb52fdf4695bfcf85ae0983fdb5511f39c,ac1248df47eedf27d9903746735dddbba73b79a8f82962345856d64b602e715d,3f43db15c77f424fc23d519e14f719a23cf3a6dc2e99a72abac21ebea3d5b280,11,fridge,not_applicable,smoke,smoke-verified,10;20;42,3,64.68949759897559,0.2885520776432176,0.5262364676772727,0.02806860561582672,10.11888502103587,0.1992750791673553,803443.0,0.0,95548416.0,0.0
corrected-t1-redd,T1,corrected,ResNet,convolutional,059f22dd4e84c594a08c2d0a1dabec1c2b9990fe3b46becc01196bfbe0967c2a,,b619d1f14373202aa4d20649e334bf2fe5d5fa81,65b1c5203f347d1ccff2240409c3ff0417e9c374,sha256:5f6d9f1625b1f46098976dc3dbdfcb6070ea316c8997ea20471d39ade5672ec3,NVIDIA A100-SXM4-80GB,900,49,3,264,22e8ad9925e0589361f4d497f66ba29ea28166d8574c963d9a45780b187ade06,4a5f37a7eecb739dc2d2dc7654bed96029b16187f9b48cd18525dfdb9485020a,3f43db15c77f424fc23d519e14f719a23cf3a6dc2e99a72abac21ebea3d5b280,12,fridge,not_applicable,smoke,smoke-verified,10;20;42,3,65.0966699773615,0.050299616758984145,0.5637366818873668,0.009181913418603166,11.18068929334792,0.595057423935841,218799.0,0.0,72814080.0,0.0
corrected-t1-redd,T1,corrected,ConvLSTM,hybrid,99b3a5ad90511b3a936238e2a16aa13693f7d33e329a2d70b4ff384b90e433cb,,b619d1f14373202aa4d20649e334bf2fe5d5fa81,65b1c5203f347d1ccff2240409c3ff0417e9c374,sha256:5f6d9f1625b1f46098976dc3dbdfcb6070ea316c8997ea20471d39ade5672ec3,NVIDIA A100-SXM4-80GB,900,19,3,264,52918fa319fabace57b31cac3197af32a2ab6c861a421c72b98813d893498b82,3a55757094032c6e6993cfc82360697e87f6828338ad24770593cfea72d93c7f,3f43db15c77f424fc23d519e14f719a23cf3a6dc2e99a72abac21ebea3d5b280,13,fridge,not_applicable,smoke,smoke-verified,10;20;42,3,65.16681493508695,0.057762966785185145,0.5384851714943247,0.011107198923709137,12.93223089670452,1.060557072458325,482913.0,0.0,147919872.0,0.0
corrected-t1-redd,T1,corrected,Mean,statistical-baseline,44136fa355b3678a1146ad16f7e8649e94fb4fc21fe77e8310c060f61caaff8a,,b619d1f14373202aa4d20649e334bf2fe5d5fa81,65b1c5203f347d1ccff2240409c3ff0417e9c374,sha256:5f6d9f1625b1f46098976dc3dbdfcb6070ea316c8997ea20471d39ade5672ec3,NVIDIA A100-SXM4-80GB,900,,,264,74fa8e7b2a1c11832f718e0420283bdb1d65f215141904fb4a071f68c540141c,d690bec4fdc5a71023d154e9d9b73ba9b8a6f7ae99b8a45384de1f599564e04b,3f43db15c77f424fc23d519e14f719a23cf3a6dc2e99a72abac21ebea3d5b280,14,fridge,not_applicable,smoke,smoke-verified,10;20;42,3,65.41159857547645,0.0,0.5714285714285714,0.0,9.288726943700263,1.1518671221929062,,,,
corrected-t1-redd,T1,corrected,DAE,autoencoder,059f22dd4e84c594a08c2d0a1dabec1c2b9990fe3b46becc01196bfbe0967c2a,,b619d1f14373202aa4d20649e334bf2fe5d5fa81,65b1c5203f347d1ccff2240409c3ff0417e9c374,sha256:5f6d9f1625b1f46098976dc3dbdfcb6070ea316c8997ea20471d39ade5672ec3,NVIDIA A100-SXM4-80GB,900,49,3,264,22e8ad9925e0589361f4d497f66ba29ea28166d8574c963d9a45780b187ade06,4a5f37a7eecb739dc2d2dc7654bed96029b16187f9b48cd18525dfdb9485020a,3f43db15c77f424fc23d519e14f719a23cf3a6dc2e99a72abac21ebea3d5b280,15,fridge,not_applicable,smoke,smoke-verified,10;20;42,3,65.47041602086539,0.5449725006760794,0.5029965859868126,0.06639607577365393,10.315937769017182,0.24050870920932654,255001.0,0.0,72397824.0,0.0
corrected-t1-redd,T1,corrected,RNNAttention,recurrent-attention,059f22dd4e84c594a08c2d0a1dabec1c2b9990fe3b46becc01196bfbe0967c2a,,b619d1f14373202aa4d20649e334bf2fe5d5fa81,65b1c5203f347d1ccff2240409c3ff0417e9c374,sha256:5f6d9f1625b1f46098976dc3dbdfcb6070ea316c8997ea20471d39ade5672ec3,NVIDIA A100-SXM4-80GB,900,49,3,264,22e8ad9925e0589361f4d497f66ba29ea28166d8574c963d9a45780b187ade06,4a5f37a7eecb739dc2d2dc7654bed96029b16187f9b48cd18525dfdb9485020a,3f43db15c77f424fc23d519e14f719a23cf3a6dc2e99a72abac21ebea3d5b280,16,fridge,not_applicable,smoke,smoke-verified,10;20;42,3,65.67139509567106,0.11008875167004234,0.44927832244008714,0.0627652049485499,10.621308831342807,0.8864125286015792,1333842.0,0.0,359916032.0,0.0
corrected-t1-redd,T1,corrected,Seq2Point,convolutional,059f22dd4e84c594a08c2d0a1dabec1c2b9990fe3b46becc01196bfbe0967c2a,,b619d1f14373202aa4d20649e334bf2fe5d5fa81,65b1c5203f347d1ccff2240409c3ff0417e9c374,sha256:5f6d9f1625b1f46098976dc3dbdfcb6070ea316c8997ea20471d39ade5672ec3,NVIDIA A100-SXM4-80GB,900,49,3,264,22e8ad9925e0589361f4d497f66ba29ea28166d8574c963d9a45780b187ade06,4a5f37a7eecb739dc2d2dc7654bed96029b16187f9b48cd18525dfdb9485020a,3f43db15c77f424fc23d519e14f719a23cf3a6dc2e99a72abac21ebea3d5b280,17,fridge,not_applicable,smoke,smoke-verified,10;20;42,3,65.83670441983925,2.70605360738133,0.5930544593528019,0.0191237046563621,10.48665609199088,0.937542768340575,1063449.0,0.0,92963328.0,0.0
corrected-t1-redd,T1,corrected,RNN,recurrent,059f22dd4e84c594a08c2d0a1dabec1c2b9990fe3b46becc01196bfbe0967c2a,,b619d1f14373202aa4d20649e334bf2fe5d5fa81,65b1c5203f347d1ccff2240409c3ff0417e9c374,sha256:5f6d9f1625b1f46098976dc3dbdfcb6070ea316c8997ea20471d39ade5672ec3,NVIDIA A100-SXM4-80GB,900,49,3,264,22e8ad9925e0589361f4d497f66ba29ea28166d8574c963d9a45780b187ade06,4a5f37a7eecb739dc2d2dc7654bed96029b16187f9b48cd18525dfdb9485020a,3f43db15c77f424fc23d519e14f719a23cf3a6dc2e99a72abac21ebea3d5b280,18,fridge,not_applicable,smoke,smoke-verified,10;20;42,3,66.46491092335094,0.9211318781670982,0.508391677460683,0.06034952160435065,10.187018022329235,0.42781172414088914,1268049.0,0.0,358861824.0,0.0
corrected-t1-redd,T1,corrected,HSMM,explicit-duration,fd5659f27351ecde1510dd952bec6a67e48634e801a67e526a0181626291891f,,b619d1f14373202aa4d20649e334bf2fe5d5fa81,65b1c5203f347d1ccff2240409c3ff0417e9c374,sha256:5f6d9f1625b1f46098976dc3dbdfcb6070ea316c8997ea20471d39ade5672ec3,NVIDIA A100-SXM4-80GB,900,,,264,74fa8e7b2a1c11832f718e0420283bdb1d65f215141904fb4a071f68c540141c,d690bec4fdc5a71023d154e9d9b73ba9b8a6f7ae99b8a45384de1f599564e04b,3f43db15c77f424fc23d519e14f719a23cf3a6dc2e99a72abac21ebea3d5b280,19,fridge,not_applicable,smoke,smoke-verified,10;20;42,3,66.90765348492246,0.0,0.5714285714285714,0.0,10.340834351993786,1.0759271984289087,,,40448.0,0.0
corrected-t1-redd,T1,corrected,ModernTCN,convolutional,059f22dd4e84c594a08c2d0a1dabec1c2b9990fe3b46becc01196bfbe0967c2a,,b619d1f14373202aa4d20649e334bf2fe5d5fa81,65b1c5203f347d1ccff2240409c3ff0417e9c374,sha256:5f6d9f1625b1f46098976dc3dbdfcb6070ea316c8997ea20471d39ade5672ec3,NVIDIA A100-SXM4-80GB,900,49,3,264,22e8ad9925e0589361f4d497f66ba29ea28166d8574c963d9a45780b187ade06,4a5f37a7eecb739dc2d2dc7654bed96029b16187f9b48cd18525dfdb9485020a,3f43db15c77f424fc23d519e14f719a23cf3a6dc2e99a72abac21ebea3d5b280,20,fridge,not_applicable,smoke,smoke-verified,10;20;42,3,67.34759072944371,1.5805779439904972,0.4740605530079214,0.0013167256985328539,10.066126696687812,0.11293508962008549,41921.0,0.0,75679744.0,0.0
corrected-t1-redd,T1,corrected,WindowGRU,recurrent,059f22dd4e84c594a08c2d0a1dabec1c2b9990fe3b46becc01196bfbe0967c2a,,b619d1f14373202aa4d20649e334bf2fe5d5fa81,65b1c5203f347d1ccff2240409c3ff0417e9c374,sha256:5f6d9f1625b1f46098976dc3dbdfcb6070ea316c8997ea20471d39ade5672ec3,NVIDIA A100-SXM4-80GB,900,49,3,264,22e8ad9925e0589361f4d497f66ba29ea28166d8574c963d9a45780b187ade06,4a5f37a7eecb739dc2d2dc7654bed96029b16187f9b48cd18525dfdb9485020a,3f43db15c77f424fc23d519e14f719a23cf3a6dc2e99a72abac21ebea3d5b280,21,fridge,not_applicable,smoke,smoke-verified,10;20;42,3,71.77255628951872,2.83462980187556,0.5724727484612632,0.005927487469645997,10.318701705352092,0.3463489068254447,427345.0,0.0,277179392.0,0.0
corrected-t1-redd,T1,corrected,DLinear,decomposition-linear,059f22dd4e84c594a08c2d0a1dabec1c2b9990fe3b46becc01196bfbe0967c2a,,b619d1f14373202aa4d20649e334bf2fe5d5fa81,65b1c5203f347d1ccff2240409c3ff0417e9c374,sha256:5f6d9f1625b1f46098976dc3dbdfcb6070ea316c8997ea20471d39ade5672ec3,NVIDIA A100-SXM4-80GB,900,49,3,264,22e8ad9925e0589361f4d497f66ba29ea28166d8574c963d9a45780b187ade06,4a5f37a7eecb739dc2d2dc7654bed96029b16187f9b48cd18525dfdb9485020a,3f43db15c77f424fc23d519e14f719a23cf3a6dc2e99a72abac21ebea3d5b280,22,fridge,not_applicable,smoke,smoke-verified,10;20;42,3,74.19478793674045,0.3615854545117276,0.517950885086435,0.006650355131620452,10.8492929059236,1.3166107630989738,100.0,0.0,67228672.0,0.0
corrected-t1-redd,T1,corrected,TCN,convolutional,99b3a5ad90511b3a936238e2a16aa13693f7d33e329a2d70b4ff384b90e433cb,,b619d1f14373202aa4d20649e334bf2fe5d5fa81,65b1c5203f347d1ccff2240409c3ff0417e9c374,sha256:5f6d9f1625b1f46098976dc3dbdfcb6070ea316c8997ea20471d39ade5672ec3,NVIDIA A100-SXM4-80GB,900,19,3,264,52918fa319fabace57b31cac3197af32a2ab6c861a421c72b98813d893498b82,3a55757094032c6e6993cfc82360697e87f6828338ad24770593cfea72d93c7f,3f43db15c77f424fc23d519e14f719a23cf3a6dc2e99a72abac21ebea3d5b280,23,fridge,not_applicable,smoke,smoke-verified,10;20;42,3,77.21525223760894,2.80628181641476,0.5395545314900153,0.034255767248231456,18.95194196565232,0.3421844930823652,67151.0,0.0,97742336.0,0.0
corrected-t1-redd,T1,corrected,TSMixer,mlp-mixer,059f22dd4e84c594a08c2d0a1dabec1c2b9990fe3b46becc01196bfbe0967c2a,,b619d1f14373202aa4d20649e334bf2fe5d5fa81,65b1c5203f347d1ccff2240409c3ff0417e9c374,sha256:5f6d9f1625b1f46098976dc3dbdfcb6070ea316c8997ea20471d39ade5672ec3,NVIDIA A100-SXM4-80GB,900,49,3,264,22e8ad9925e0589361f4d497f66ba29ea28166d8574c963d9a45780b187ade06,4a5f37a7eecb739dc2d2dc7654bed96029b16187f9b48cd18525dfdb9485020a,3f43db15c77f424fc23d519e14f719a23cf3a6dc2e99a72abac21ebea3d5b280,24,fridge,not_applicable,smoke,smoke-verified,10;20;42,3,138.47989247736305,24.098988600717,0.48136347695677806,0.08005818851242617,10.54149563664881,0.39280864787184117,5728.0,0.0,76357632.0,0.0
corrected-t1-redd,T1,corrected,Reformer,transformer,99b3a5ad90511b3a936238e2a16aa13693f7d33e329a2d70b4ff384b90e433cb,,b619d1f14373202aa4d20649e334bf2fe5d5fa81,65b1c5203f347d1ccff2240409c3ff0417e9c374,sha256:5f6d9f1625b1f46098976dc3dbdfcb6070ea316c8997ea20471d39ade5672ec3,NVIDIA A100-SXM4-80GB,900,19,3,264,52918fa319fabace57b31cac3197af32a2ab6c861a421c72b98813d893498b82,3a55757094032c6e6993cfc82360697e87f6828338ad24770593cfea72d93c7f,3f43db15c77f424fc23d519e14f719a23cf3a6dc2e99a72abac21ebea3d5b280,25,fridge,not_applicable,smoke,smoke-verified,10;20;42,3,189.67854292513144,214.6778828728768,0.19047619047619047,0.329914439536929,12.16772515361663,1.058549070030298,19536897.0,0.0,913259008.0,0.0
